{
  "primary": {
    "system_name": "TreeRAG",
    "system_type": "tree_rag",
    "retrieval": {
      "precision@k": {
        "1": 1.0,
        "3": 0.6666666666666666,
        "5": 0.39999999999999997,
        "10": 0.19999999999999998
      },
      "recall@k": {
        "1": 0.611111111111111,
        "3": 1.0,
        "5": 1.0,
        "10": 1.0
      },
      "ndcg@k": {
        "1": 1.0,
        "3": 1.0,
        "5": 1.0,
        "10": 1.0
      },
      "mrr": 1.0,
      "map": 1.0,
      "hit_rate@k": {
        "1": 1.0,
        "3": 1.0,
        "5": 1.0,
        "10": 1.0
      },
      "f1@k": {
        "1": 0.7222222222222222,
        "3": 0.7666666666666666,
        "5": 0.5515873015873015,
        "10": 0.3255633255633256
      },
      "per_query": {
        "q_001": {
          "P@1": 1.0,
          "R@1": 0.5,
          "NDCG@1": 1.0,
          "HR@1": 1.0,
          "F1@1": 0.6666666666666666,
          "P@3": 0.6666666666666666,
          "R@3": 1.0,
          "NDCG@3": 1.0,
          "HR@3": 1.0,
          "F1@3": 0.8,
          "P@5": 0.4,
          "R@5": 1.0,
          "NDCG@5": 1.0,
          "HR@5": 1.0,
          "F1@5": 0.5714285714285715,
          "P@10": 0.2,
          "R@10": 1.0,
          "NDCG@10": 1.0,
          "HR@10": 1.0,
          "F1@10": 0.33333333333333337,
          "MRR": 1.0,
          "AP": 1.0
        },
        "q_002": {
          "P@1": 1.0,
          "R@1": 0.3333333333333333,
          "NDCG@1": 1.0,
          "HR@1": 1.0,
          "F1@1": 0.5,
          "P@3": 1.0,
          "R@3": 1.0,
          "NDCG@3": 1.0,
          "HR@3": 1.0,
          "F1@3": 1.0,
          "P@5": 0.6,
          "R@5": 1.0,
          "NDCG@5": 1.0,
          "HR@5": 1.0,
          "F1@5": 0.7499999999999999,
          "P@10": 0.3,
          "R@10": 1.0,
          "NDCG@10": 1.0,
          "HR@10": 1.0,
          "F1@10": 0.4615384615384615,
          "MRR": 1.0,
          "AP": 1.0
        },
        "q_003": {
          "P@1": 1.0,
          "R@1": 1.0,
          "NDCG@1": 1.0,
          "HR@1": 1.0,
          "F1@1": 1.0,
          "P@3": 0.3333333333333333,
          "R@3": 1.0,
          "NDCG@3": 1.0,
          "HR@3": 1.0,
          "F1@3": 0.5,
          "P@5": 0.2,
          "R@5": 1.0,
          "NDCG@5": 1.0,
          "HR@5": 1.0,
          "F1@5": 0.33333333333333337,
          "P@10": 0.1,
          "R@10": 1.0,
          "NDCG@10": 1.0,
          "HR@10": 1.0,
          "F1@10": 0.18181818181818182,
          "MRR": 1.0,
          "AP": 1.0
        }
      }
    },
    "efficiency": {
      "latency": {
        "mean_ms": 0.009444309398531914,
        "median_ms": 0.010874937288463116,
        "p95_ms": 0.01368748489767313,
        "p99_ms": 0.013937489129602909,
        "std_ms": 0.005414647505206892,
        "llm_mean_ms": 0.00661101657897234,
        "overhead_mean_ms": 0.0028332928195595746
      },
      "throughput_qps": 105883.86697236398,
      "tokens": {
        "reduction_mean": 0.9991,
        "reduction_std": 0.0,
        "compression_ratio_mean": 1111.111111111111,
        "total_input": 27,
        "total_output": 60
      },
      "traversal": {
        "nodes_visited_mean": 0.0,
        "visit_rate_mean": 0.0,
        "pruning_rate_mean": 0.0,
        "max_depth_mean": 0.0
      }
    },
    "fidelity": {
      "groundedness": {
        "mean": 0.16666666666666666,
        "std": 0.28867513459481287,
        "by_type": {
          "entity": 0.2,
          "number": 0.0
        }
      },
      "hallucination_rate": 0.8333333333333334,
      "hallucinations_by_type": {
        "fabricated_entity": 4,
        "quantitative_error": 1
      },
      "claims": {
        "total": 6,
        "grounded": 1,
        "hallucinated": 5,
        "by_type": {
          "entity": 5,
          "number": 1
        }
      }
    },
    "per_query": {
      "q_001": {
        "latency": 0.010874937288463116
      },
      "q_002": {
        "latency": 0.013999990187585354
      },
      "q_003": {
        "latency": 0.0034580007195472717
      }
    }
  },
  "baseline": {
    "system_name": "BM25",
    "system_type": "bm25",
    "retrieval": null,
    "efficiency": null,
    "fidelity": null,
    "per_query": {}
  },
  "statistical_comparisons": {},
  "summary": {
    "primary_wins": 0,
    "baseline_wins": 0,
    "ties": 0
  }
}